1,hari,400000
2,mugesh,42000
3,logesh,45000
1,hari,400000
2,mugesh,42000
3,logesh,45000
1,hari,400000
2,mugesh,42000
3,logesh,45000
1,hari,400000
2,mugesh,42000
3,logesh,45000
1,hari,400000
2,mugesh,42000
3,logesh,45000
1,hari,400000
2,mugesh,42000
3,logesh,45000
1,hari,400000
2,mugesh,42000
3,logesh,45000
1,hari,400000
2,mugesh,42000
3,logesh,45000
1,hari,400000
2,mugesh,42000
3,logesh,45000
1,hari,400000
2,mugesh,42000
3,logesh,45000
1,hari,400000
2,mugesh,42000
3,logesh,45000
1,hari,400000
2,mugesh,42000
3,logesh,45000
